Workbook
Name _Toc301930468: #REF!
Name _Toc301930478: #REF!
Name ACTION: #REF!
Name Excel_BuiltIn__FilterDatabase: Module1!$A$8:$H$16

Sheet Cover
B2: TEST CASE
B4: Project Name | C4: Dò vé số | F4: Creator | G4: DucNVFX14814
B5: Project Code | C5: Lab301x | F5: Reviewer/Approver | G5: ToanHK(Mentor)
B6: Document Code | C6: =C5&"_"&"CN2_TestCase"&"_"&"v1.0" -> Lab301x_CN2_TestCase_v1.0 | F6: Issue Date | G6: 01/10/2026
F7: Version | G7: V1.0
B10: Record of change
B11: Effective Date | C11: Version | D11: Change Item | E11: *A,D,M | F11: Change description | G11: Reference
B12: 01/10/2026 | C12: 1.0 | D12: Khởi tạo | E12: A | F12: Tạo mới Test Case cho CN2 - Quản lý vé dò (ADMIN) | G12: DucNVFX14814_SRS, DucNVFX14814_CN2_Screen_Design

Sheet TestDesign
A1: Requirement Level 1 | B1: Requirement Level 2 | C1: Requirement Level 3 | D1: Test Criteria | E1: Test Type | F1: Note
A2: CN2 - Quản lý vé dò (ADMIN) | B2: Tìm kiếm / phân trang vé dò | C2: Thành công | D2: Xem danh sách vé dò mặc định (lần đầu vào, không truyền tham số) | E2: Function | F2: Mặc định từ đầu tháng hiện tại đến hôm nay
D3: Tìm theo miền + tỉnh hợp lệ | E3: Function
D4: Tìm theo khoảng ngày hợp lệ | E4: Function
D5: Lọc theo trạng thái (Đã công bố / Chưa công bố) | E5: Function
D6: Phân trang khi tổng số vé dò > 10 | E6: Function
C7: Không thành công | D7: Từ ngày lớn hơn đến ngày | E7: Function
D8: Không tìm thấy vé dò phù hợp với bộ lọc | E8: Function
B9: Thêm vé dò mới | C9: Xem trước | D9: Xem trước thành công (ngày đã có kết quả từ nguồn, vé chưa tồn tại) | E9: Function | F9: Dữ liệu lấy tự động qua API Minh Ngọc
D10: Chọn ngày trong tương lai | E10: Function
D11: Vé dò đã tồn tại (chưa công bố) | E11: Function | F11: không lấy lại từ nguồn
D12: Vé dò đã tồn tại (đã công bố) | E12: Function
D13: Nguồn dữ liệu chưa có kết quả ngày đã chọn | E13: Function
C14: Lưu | D14: Lưu vé dò (chưa công bố) | E14: Function
D15: Lưu và công bố (Publish) ngay | E15: Function
B16: Công bố vé dò (Publish) | C16: Thành công | D16: Công bố 1 vé dò đang "Chưa công bố" | E16: Function | F16: Thực hiện từ danh sách và từ trang chi tiết
C17: Không thành công | D17: Công bố 1 vé dò đã công bố rồi | E17: Function | F17: Không cho chuyển ngược PUBLISH -> UNPUBLISH
B18: Chi tiết vé dò | C18: Thành công | D18: Xem đủ 8 giải, đúng thứ tự Đặc biệt -> Giải 7 | E18: Function
D19: Xem số lần vé dò được người dùng dò | E19: Function | F19: 0 khi chưa có ai dò

Sheet Test case List
D1: TEST CASE LIST
B3: Project Name | D3: =Cover!C4 -> Dò vé số
B4: Project Code | D4: =Cover!C5 -> Lab301x
B5: Test Environment Setup Description | D5: 1. Web server: Apache Tomcat 9 2. Database: MySQL 8 3. Web Browser: Chrome/Edge mới nhất 4. Nguồn dữ liệu kết quả xổ số: API Minh Ngọc (cần có kết nối mạng, dữ liệu thật)
B8: No | C8: Function Name | D8: Sheet Name | E8: Description | F8: Pre-Condition
B9: 1 | C9: Tìm kiếm / phân trang vé dò | D9: Module1
B10: 2 | C10: Thêm vé dò mới | D10: Module1
B11: 3 | C11: Công bố vé dò (Publish) | D11: Module1
B12: 4 | C12: Chi tiết vé dò | D12: Module1

Sheet Module1
A2: Module Code | B2: Module1 | J2: Passed
A3: Test requirement | B3: Yêu cầu 1 (ADMIN): Quản lý vé dò - tìm kiếm/phân trang, thêm vé dò mới, công bố (publish), xem chi tiết. | J3: Failed
A4: Tester | J4: Blocked
A5: Passed | B5: Failed | C5: Untested | D5: Blocked | E5: Skipped | F5: Number of Test cases | J5: Untested
A6: =COUNTIF(F9:F995,"Passed") -> 18 | B6: =COUNTIF(F9:F995,"Failed") -> 0 | C6: =F6-E6-D6-B6-A6 -> 0 | D6: =COUNTIF(F$9:F$995,"Blocked") -> 0 | E6: =COUNTIF(F$9:F$995,"Skipped") -> 0 | F6: =COUNTA(A9:A995) -> 18 | J6: Skipped
A8: ID | B8: Test Case Description | C8: Test Case Procedure | D8: Expected Output | E8: Inter-test case Dependence | F8: Result | G8: Test date | H8: Note
B9: Tìm kiếm / phân trang vé dò
A10: =IF(OR(B10<>"",D10<>""),"[" &TEXT($B$2,"##")&"-"&TEXT(1,"00")&"]","") -> [Module1-01] | B10: Xem danh sách vé dò mặc định | C10: 1. Đăng nhập ADMIN. 2. Vào menu Quản lý vé dò (không chọn bộ lọc gì). | D10: Hiển thị vé dò từ đầu tháng hiện tại đến hôm nay, miền/tỉnh/trạng thái = tất cả. | F10: Passed | G10: 01/10/2026
A11: =IF(OR(B11<>"",D11<>""),"[" &TEXT($B$2,"##")&"-"&TEXT(2,"00")&"]","") -> [Module1-02] | B11: Tìm theo miền + tỉnh hợp lệ | C11: 1. Chọn 1 Miền. 2. Chọn 1 Tỉnh thuộc miền đó. 3. Bấm "Tìm kiếm". | D11: Chỉ hiển thị vé dò của tỉnh đã chọn. | F11: Passed | G11: 01/10/2026
A12: =IF(OR(B12<>"",D12<>""),"[" &TEXT($B$2,"##")&"-"&TEXT(3,"00")&"]","") -> [Module1-03] | B12: Tìm theo khoảng ngày hợp lệ | C12: 1. Nhập Từ ngày / Đến ngày hợp lệ (từ ngày ≤ đến ngày). 2. Bấm "Tìm kiếm". | D12: Chỉ hiển thị vé dò có ngày mở thưởng trong khoảng đã chọn. | F12: Passed | G12: 01/10/2026
A13: =IF(OR(B13<>"",D13<>""),"[" &TEXT($B$2,"##")&"-"&TEXT(4,"00")&"]","") -> [Module1-04] | B13: Lọc theo trạng thái | C13: 1. Chọn Trạng thái = "Đã công bố" (hoặc "Chưa công bố"). 2. Bấm "Tìm kiếm". | D13: Chỉ hiển thị đúng các vé dò ở trạng thái đã chọn. | F13: Passed | G13: 01/10/2026
A14: =IF(OR(B14<>"",D14<>""),"[" &TEXT($B$2,"##")&"-"&TEXT(5,"00")&"]","") -> [Module1-05] | B14: Phân trang khi tổng số vé dò > 10 | C14: 1. Đảm bảo bộ lọc đang chọn trả về > 10 vé dò. 2. Xem danh sách. | D14: Danh sách hiển thị tối đa 10 vé/trang, có thanh phân trang để xem các trang tiếp theo. | E14: CSDL cần có > 10 vé dò khớp bộ lọc | F14: Passed | G14: 01/10/2026
A15: =IF(OR(B15<>"",D15<>""),"[" &TEXT($B$2,"##")&"-"&TEXT(6,"00")&"]","") -> [Module1-06] | B15: Từ ngày lớn hơn đến ngày | C15: 1. Nhập Từ ngày lớn hơn Đến ngày. 2. Bấm "Tìm kiếm". | D15: Hiển thị lỗi "Ngày bắt đầu phải nhỏ hơn hoặc bằng ngày kết thúc." | F15: Passed | G15: 01/10/2026
A16: =IF(OR(B16<>"",D16<>""),"[" &TEXT($B$2,"##")&"-"&TEXT(7,"00")&"]","") -> [Module1-07] | B16: Không tìm thấy vé dò phù hợp | C16: 1. Chọn bộ lọc chắc chắn không có vé dò nào khớp. 2. Bấm "Tìm kiếm". | D16: Hiển thị "Không tìm thấy vé dò phù hợp." | F16: Passed | G16: 01/10/2026
B17: Thêm vé dò mới
A18: =IF(OR(B18<>"",D18<>""),"[" &TEXT($B$2,"##")&"-"&TEXT(8,"00")&"]","") -> [Module1-08] | B18: Xem trước thành công | C18: 1. Vào Thêm vé dò mới. 2. Chọn miền/tỉnh cụ thể, ngày trong quá khứ đã có kết quả, vé chưa tồn tại. 3. Bấm "Xem trước". | D18: Hiển thị bảng kết quả xổ số của tỉnh, trạng thái "Sẵn sàng lưu"; nút Lưu/Lưu và Publish được bật. | E18: Ngày chọn phải thật sự đã có kết quả trên nguồn Minh Ngọc | F18: Passed | G18: 01/10/2026
A19: =IF(OR(B19<>"",D19<>""),"[" &TEXT($B$2,"##")&"-"&TEXT(9,"00")&"]","") -> [Module1-09] | B19: Chọn ngày trong tương lai | C19: 1. Chọn ngày sau ngày hiện tại. 2. Bấm "Xem trước". | D19: Hiển thị lỗi "Giá trị phải là ngày hiện tại hoặc sớm hơn." | F19: Passed | G19: 01/10/2026
A20: =IF(OR(B20<>"",D20<>""),"[" &TEXT($B$2,"##")&"-"&TEXT(10,"00")&"]","") -> [Module1-10] | B20: Vé dò đã tồn tại (chưa công bố) | C20: 1. Chọn miền/tỉnh/ngày của 1 vé dò đã lưu trước đó nhưng chưa công bố. 2. Bấm "Xem trước". | D20: Không lấy lại dữ liệu từ nguồn; hiển thị trạng thái "Đã có - chưa công bố" với dữ liệu đã lưu trong hệ thống. | E20: Cần có sẵn 1 vé dò UNPUBLISH của tỉnh/ngày đó | F20: Passed | G20: 01/10/2026
A21: =IF(OR(B21<>"",D21<>""),"[" &TEXT($B$2,"##")&"-"&TEXT(11,"00")&"]","") -> [Module1-11] | B21: Vé dò đã tồn tại (đã công bố) | C21: 1. Chọn miền/tỉnh/ngày của 1 vé dò đã công bố. 2. Bấm "Xem trước". | D21: Hiển thị trạng thái "Đã có - đã công bố". | E21: Cần có sẵn 1 vé dò PUBLISH của tỉnh/ngày đó | F21: Passed | G21: 01/10/2026
A22: =IF(OR(B22<>"",D22<>""),"[" &TEXT($B$2,"##")&"-"&TEXT(12,"00")&"]","") -> [Module1-12] | B22: Nguồn dữ liệu chưa có kết quả | C22: 1. Chọn ngày mà nguồn Minh Ngọc chưa đăng kết quả (ví dụ ngày quá gần hiện tại, kết quả chưa cập nhật). 2. Bấm "Xem trước". | D22: Hiển thị lỗi dạng "Nguồn dữ liệu chưa có kết quả xổ số [miền] ngày [ngày]." | E22: Phụ thuộc thời điểm cập nhật thực tế của nguồn, có thể cần thử vài ngày để tái hiện | F22: Passed | G22: 01/10/2026
A23: =IF(OR(B23<>"",D23<>""),"[" &TEXT($B$2,"##")&"-"&TEXT(13,"00")&"]","") -> [Module1-13] | B23: Lưu vé dò (chưa công bố) | C23: 1. Xem trước thành công (trạng thái "Sẵn sàng lưu"). 2. Bấm "Lưu". | D23: Lưu vé dò với trạng thái "Chưa công bố"; hiển thị thông báo "Đã lưu ... vé dò ngày ... (chưa công bố)." | F23: Passed | G23: 01/10/2026
A24: =IF(OR(B24<>"",D24<>""),"[" &TEXT($B$2,"##")&"-"&TEXT(14,"00")&"]","") -> [Module1-14] | B24: Lưu và công bố (Publish) ngay | C24: 1. Xem trước thành công. 2. Bấm "Lưu và Publish", xác nhận. | D24: Lưu vé dò với trạng thái "Đã công bố" ngay; hiển thị thông báo "Đã lưu và công bố ... vé dò ngày ..." | F24: Passed | G24: 01/10/2026
B25: Công bố vé dò (Publish)
A26: =IF(OR(B26<>"",D26<>""),"[" &TEXT($B$2,"##")&"-"&TEXT(15,"00")&"]","") -> [Module1-15] | B26: Công bố 1 vé dò đang "Chưa công bố" | C26: 1. Ở Danh sách vé dò (hoặc trang Chi tiết), bấm "Publish" của 1 vé dò chưa công bố. 2. Xác nhận. | D26: Vé dò chuyển trạng thái "Chưa công bố" -> "Đã công bố" | F26: Passed | G26: 01/10/2026
A27: =IF(OR(B27<>"",D27<>""),"[" &TEXT($B$2,"##")&"-"&TEXT(16,"00")&"]","") -> [Module1-16] | B27: Công bố 1 vé dò đã công bố rồi | C27: 1. Gửi lại yêu cầu công bố cho 1 vé dò đã ở trạng thái "Đã công bố" (ví dụ bấm lại nút Publish ở tab cũ). | D27: Hiển thị lỗi "Vé dò ngày ... đã được công bố, không thể thay đổi trạng thái."; vé dò không bị chuyển ngược lại Chưa công bố. | F27: Passed | G27: 01/10/2026
B28: Chi tiết vé dò
A29: =IF(OR(B29<>"",D29<>""),"[" &TEXT($B$2,"##")&"-"&TEXT(17,"00")&"]","") -> [Module1-17] | B29: Xem đủ 8 giải đúng thứ tự | C29: 1. Vào trang Chi tiết của 1 vé dò đã có kết quả. | D29: Hiển thị đủ 8 giải: Đặc biệt, Giải 1 -> Giải 7, đúng thứ tự; trạng thái trạng thái đúng với dữ liệu. | F29: Passed | G29: 01/10/2026
A30: =IF(OR(B30<>"",D30<>""),"[" &TEXT($B$2,"##")&"-"&TEXT(18,"00")&"]","") -> [Module1-18] | B30: Xem số lần vé dò được dò | C30: 1. Vào trang Chi tiết của 1 vé dò chưa từng được ai dò. | D30: Hiển thị "Số lần vé dò được người dùng dò" = 0. | E30: Cần 1 vé dò PUBLISH chưa có lịch sử dò (CN3) | F30: Passed | G30: 01/10/2026

Sheet Test Report
B1: TEST REPORT
B3: Project Name | C3: Dò vé số | E3: Creator | G3: DucNVFX14814
B4: Project Code | C4: Lab301x | E4: Reviewer/Approver | G4: ToanHK(Mentor)
B5: Document Code | C5: =C4&"_"&"CN2_TestCase"&"_"&"v1.0" -> Lab301x_CN2_TestCase_v1.0 | E5: Issue Date | G5: 01/10/2026
B6: Notes | C6: Release 1 gồm 1 module: Module1 (ADMIN - Quản lý vé dò).
B9: No | C9: Module code | D9: Pass | E9: Fail | F9: Untested | G9: Blocked | H9: Skipped | I9: Number of test cases
B10: 1 | C10: =Module1!B2 -> Module1 | D10: =Module1!A6 -> 18 | E10: =Module1!B6 -> 0 | F10: =Module1!C6 -> 0 | G10: =Module1!D6 -> 0 | H10: =Module1!E6 -> 0 | I10: =Module1!F6 -> 18
C13: Sub total | D13: =SUM(D10:D12) -> 18 | E13: =SUM(E10:E12) -> 0 | F13: =SUM(F10:F12) -> 0 | G13: =SUM(G10:G12) -> 0 | H13: =SUM(H10:H12) -> 0 | I13: =SUM(I10:I12) -> 18
C15: Test coverage | E15: =IFERROR((D13+E13)*100/(I13-H13-G13),0) -> 100 | F15: %
C16: Test successful coverage | E16: =IFERROR(D13*100/(D13+E13),0) -> 100 | F16: %
