Workbook
Name _Toc301930468: #REF!
Name _Toc301930478: #REF!
Name ACTION: #REF!
Name Excel_BuiltIn__FilterDatabase: Module1!$A$8:$H$16
Name Excel_BuiltIn__FilterDatabase: Module2!$A$8:$H$16

Sheet Cover
B2: TEST CASE
B4: Project Name | C4: Dò vé số | F4: Creator | G4: DucNVFX14814
B5: Project Code | C5: Lab301x | F5: Reviewer/Approver | G5: ToanHK(Mentor)
B6: Document Code | C6: =C5&"_"&"CN1_TestCase"&"_"&"v1.0" -> Lab301x_CN1_TestCase_v1.0 | F6: Issue Date | G6: 27/09/2026
F7: Version | G7: V1.0
B10: Record of change
B11: Effective Date | C11: Version | D11: Change Item | E11: *A,D,M | F11: Change description | G11: Reference
B12: 27/09/2026 | C12: 1.0 | D12: Khởi tạo | E12: A | F12: Tạo mới Test Case cho CN1 - Quản lý người dùng (ADMIN/NO_USER/USER) | G12: DucNVFX14814_SRS, DucNVFX14814_Screen_Design

Sheet TestDesign
A1: Requirement Level 1 | B1: Requirement Level 2 | C1: Requirement Level 3 | D1: Test Criteria | E1: Test Type | F1: Note
A2: CN1 - Quản lý người dùng | B2: Đăng ký tài khoản | C2: Giao diện | D2: Check layout màn hình Đăng ký, các trường bắt buộc có dấu (*) | E2: GUI
C3: Thành công | D3: Đăng ký với Họ tên/Email/SĐT/Mật khẩu hợp lệ | E3: Function | F3: ROLE mặc định USER
C4: Không thành công | D4: Họ tên sai định dạng | E4: Function
D5: Email sai định dạng | E5: Function
D6: Email đã tồn tại trong hệ thống | E6: Function | F6: email của user khác
D7: Số điện thoại sai định dạng | E7: Function
D8: Số điện thoại đã tồn tại trong hệ thống | E8: Function | F8: sdt của user khác
D9: Mật khẩu ít hơn 6 ký tự | E9: Function
D10: Xác nhận mật khẩu không khớp | E10: Function
B11: Đăng nhập | C11: Thành công | D11: Đăng nhập đúng Email/Mật khẩu, ROLE USER | E11: Function | F11: chuyển hướng tới trang Dò vé số
D12: Đăng nhập đúng Email/Mật khẩu, ROLE ADMIN | E12: Function | F12: chuyển hướng tới trang của Admin
C13: Không thành công | D13: Sai mật khẩu | E13: Function
D14: Email không tồn tại | E14: Function
D15: Tài khoản đang bị khóa (active=false) | E15: Function | F15: Chặn không cho đăng nhập, thông báo tài khoản bị khóa
B16: Quên mật khẩu / Đặt lại mật khẩu | C16: Quên mật khẩu | D16: Email tồn tại và đang hoạt động | E16: Function | F16: gửi email qua Gmail SMTP, hiệu lực 30 phút
D17: Email không tồn tại trong hệ thống | E17: Function | F17: vẫn hiển thị thông báo chung, tránh lộ thông tin
D18: Email sai định dạng | E18: Function
C19: Đặt lại mật khẩu | D19: Token hợp lệ, mật khẩu mới hợp lệ | E19: Function
D20: Token hết hạn hoặc không hợp lệ | E20: Function
D21: Mật khẩu mới ít hơn 6 ký tự | E21: Function
D22: Xác nhận mật khẩu không khớp | E22: Function
D23: Dùng lại token đã sử dụng | E23: Function | F23: token chỉ dùng được 1 lần
B24: Đổi mật khẩu | C24: Thành công | D24: Đổi mật khẩu với dữ liệu hợp lệ | E24: Function
C25: Không thành công | D25: Sai mật khẩu hiện tại | E25: Function
D26: Mật khẩu mới ít hơn 6 ký tự | E26: Function
D27: Xác nhận mật khẩu mới không khớp | E27: Function
D28: Mật khẩu mới trùng mật khẩu hiện tại | E28: Function
B29: Quản lý người dùng | C29: Tìm kiếm / phân trang | D29: Xem danh sách người dùng mặc định | E29: Function
D30: Tìm theo id/họ tên/email/sdt | E30: Function
D31: Tìm kiếm không có kết quả | E31: Function
D32: Lọc theo thời gian đăng nhập (vd: chưa từng đăng nhập) | E32: Function
D33: Phân trang khi tổng số người dùng > 20 | E33: Function
C34: Cấp quyền / khóa-mở khóa | D34: ADMIN chính cấp quyền ADMIN cho 1 user đang active | E34: Function
D35: ADMIN thường cố gán quyền ADMIN cho người khác | E35: Function | F35: không thể thao tác
D36: Khóa một tài khoản USER đang active | E36: Function
D37: Cố khóa hoặc hạ quyền một tài khoản đang là ADMIN | E37: Function | F37: không thể thao tác
D38: Đổi ROLE của một tài khoản đang bị khóa mà chưa mở khóa | E38: Function | F38: không thể thao tác
D39: Bấm "Lưu thay đổi" khi chưa sửa gì | E39: Function

Sheet Test case List
D1: TEST CASE LIST
B3: Project Name | D3: =Cover!C4 -> Dò vé số
B4: Project Code | D4: =Cover!C5 -> Lab301x
B5: Test Environment Setup Description | D5: 1. Web server: Apache Tomcat 9 2. Database: MySQL 8 3. Web Browser: Chrome/Edge mới nhất 4. Cấu hình gửi mail thật qua Gmail SMTP (mail.properties)
B8: No | C8: Function Name | D8: Sheet Name | E8: Description | F8: Pre-Condition
B9: 1 | C9: Quản lý người dùng - Tìm kiếm & danh sách | D9: Module1
B10: 2 | C10: Quản lý người dùng - Cấp quyền & khóa/mở khóa | D10: Module1
B11: 3 | C11: Đăng ký tài khoản | D11: Module2
B12: 4 | C12: Đăng nhập | D12: Module3
B13: 5 | C13: Quên mật khẩu | D13: Module3
B14: 6 | C14: Đặt lại mật khẩu | D14: Module3
B15: 7 | C15: Đổi mật khẩu | D15: Module3

Sheet Module1
A2: Module Code | B2: Module1 | J2: Passed
A3: Test requirement | B3: Yêu cầu 1 (ADMIN): Quản lý người dùng - tìm kiếm/phân trang, cấp quyền, khóa/mở khóa. | J3: Failed
A4: Tester | J4: Blocked
A5: Passed | B5: Failed | C5: Untested | D5: Blocked | E5: Skipped | F5: Number of Test cases | J5: Untested
A6: =COUNTIF(F9:F996,"Passed") -> 11 | B6: =COUNTIF(F9:F996,"Failed") -> 0 | C6: =F6-E6-D6-B6-A6 -> 0 | D6: =COUNTIF(F$9:F$996,"Blocked") -> 0 | E6: =COUNTIF(F$9:F$996,"Skipped") -> 0 | F6: =COUNTA(A9:A996) -> 11 | J6: Skipped
A8: ID | B8: Test Case Description | C8: Test Case Procedure | D8: Expected Output | E8: Inter-test case Dependence | F8: Result | G8: Test date | H8: Note
B9: Quản lý người dùng - Tìm kiếm & danh sách
A10: =IF(OR(B10<>"",D10<>""),"[" &TEXT($B$2,"##")&"-"&TEXT(1,"00")&"]","") -> [Module1-01] | B10: Xem danh sách người dùng mặc định | C10: 1. Đăng nhập với tài khoản ADMIN. 2. Vào menu Quản lý người dùng. | D10: Hiển thị danh sách người dùng (tối đa 20 dòng/trang) với đủ cột: User ID, Họ tên, Email, SĐT, Đăng nhập gần nhất, ROLE, Trạng thái. | F10: Passed | G10: 27/09/2026
A11: =IF(OR(B11<>"",D11<>""),"[" &TEXT($B$2,"##")&"-"&TEXT(2,"00")&"]","") -> [Module1-02] | B11: Tìm kiếm theo từ khóa (email) hợp lệ | C11: 1. Nhập từ khóa vào ô tìm kiếm. 2. Bấm "Tìm kiếm". | D11: Chỉ hiển thị (các) người dùng có email khớp từ khóa. Tìm theo id sẽ tìm chính xác, còn lại chỉ cần tìm dữ liệu có chứa từ khóa | F11: Passed | G11: 27/09/2026
A12: =IF(OR(B12<>"",D12<>""),"[" &TEXT($B$2,"##")&"-"&TEXT(3,"00")&"]","") -> [Module1-03] | B12: Tìm kiếm không có kết quả | C12: 1. Nhập từ khóa không khớp bất kỳ người dùng nào. 2. Bấm "Tìm kiếm". | D12: Hiển thị "Không tìm thấy người dùng phù hợp." | F12: Passed | G12: 27/09/2026
A13: =IF(OR(B13<>"",D13<>""),"[" &TEXT($B$2,"##")&"-"&TEXT(4,"00")&"]","") -> [Module1-04] | B13: Lọc "Chưa từng đăng nhập" | C13: 1. Chọn bộ lọc "Chưa từng đăng nhập". 2. Bấm "Tìm kiếm". | D13: Chỉ hiển thị người dùng chưa từng đăng nhập | F13: Passed | G13: 27/09/2026
A14: =IF(OR(B14<>"",D14<>""),"[" &TEXT($B$2,"##")&"-"&TEXT(5,"00")&"]","") -> [Module1-05] | B14: Phân trang khi tổng số người dùng > 20 | C14: 1. Đảm bảo hệ thống có > 20 người dùng. 2. Vào menu Quản lý người dùng. | D14: Danh sách hiển thị tối đa 20 dòng/trang, có thanh phân trang để xem các trang tiếp theo. | E14: CSDL cần có > 20 user | F14: Passed | G14: 27/09/2026
B15: Quản lý người dùng - Cấp quyền & khóa/mở khóa
A16: =IF(OR(B16<>"",D16<>""),"[" &TEXT($B$2,"##")&"-"&TEXT(6,"00")&"]","") -> [Module1-06] | B16: ADMIN chính cấp quyền ADMIN cho 1 user đang active | C16: 1. Đăng nhập bằng tài khoản ADMIN chính (id=10000000). 2. Đổi ROLE của 1 user đang active sang ADMIN. 3. Bấm "Lưu thay đổi" và xác nhận. | D16: Lưu thành công, ROLE của user đổi thành ADMIN. | E16: User đích đang ở trạng thái active | F16: Passed | G16: 27/09/2026
A17: =IF(OR(B17<>"",D17<>""),"[" &TEXT($B$2,"##")&"-"&TEXT(7,"00")&"]","") -> [Module1-07] | B17: ADMIN thường cố gán quyền ADMIN cho người khác | C17: 1. Đăng nhập bằng tài khoản ADMIN không phải ADMIN chính. 2. Đổi ROLE của 1 user sang ADMIN. 3. Bấm "Lưu thay đổi". | D17: Không thể thao tác set role thành ADMIN | F17: Passed | G17: 27/09/2026
A18: =IF(OR(B18<>"",D18<>""),"[" &TEXT($B$2,"##")&"-"&TEXT(8,"00")&"]","") -> [Module1-08] | B18: Khóa một tài khoản USER đang active | C18: 1. Đăng nhập ADMIN. 2. Đổi Trạng thái của 1 user USER sang "Đã khóa". 3. Bấm "Lưu thay đổi" và xác nhận. | D18: Lưu thành công, trạng thái user chuyển "Đã khóa"; user đó không đăng nhập được nữa. | F18: Passed | G18: 27/09/2026
A19: =IF(OR(B19<>"",D19<>""),"[" &TEXT($B$2,"##")&"-"&TEXT(9,"00")&"]","") -> [Module1-09] | B19: Cố khóa hoặc hạ quyền một tài khoản đang là ADMIN | C19: 1. Đăng nhập ADMIN. 2. Với 1 dòng đang có ROLE=ADMIN, đổi Trạng thái sang "Đã khóa" (hoặc đổi ROLE sang USER nếu có thể). 3. Bấm "Lưu thay đổi". | D19: Không thể thao tác khi dòng đó có role ADMIN | E19: Có sẵn 1 tài khoản ROLE=ADMIN khác ADMIN chính | F19: Passed | G19: 27/09/2026
A20: =IF(OR(B20<>"",D20<>""),"[" &TEXT($B$2,"##")&"-"&TEXT(10,"00")&"]","") -> [Module1-10] | B20: Đổi ROLE của một tài khoản đang bị khóa mà chưa mở khóa | C20: 1. Đăng nhập ADMIN. 2. Với 1 user đang "Đã khóa", đổi ROLE (giữ nguyên Trạng thái là Đã khóa). 3. Bấm "Lưu thay đổi". | D20: Không thể thao tác, chỉ có thể thao tác khi trạng thái user là Đã kích hoạt | E20: Có sẵn 1 user đang ở trạng thái Đã khóa | F20: Passed | G20: 27/09/2026
A21: =IF(OR(B21<>"",D21<>""),"[" &TEXT($B$2,"##")&"-"&TEXT(11,"00")&"]","") -> [Module1-11] | B21: Bấm "Lưu thay đổi" khi chưa sửa gì | C21: 1. Đăng nhập ADMIN, vào Quản lý người dùng. 2. Không sửa gì, bấm "Lưu thay đổi". | D21: Hiển thị cảnh báo "Không có thay đổi nào để lưu.", không gửi request lưu. | F21: Passed | G21: 27/09/2026

Sheet Module2
A2: Module Code | B2: Module2 | J2: Passed
A3: Test requirement | B3: Yêu cầu 2 (NO_USER): Đăng ký tài khoản mới, ROLE mặc định USER. | J3: Failed
A4: Tester | J4: Blocked
A5: Passed | B5: Failed | C5: Untested | D5: Blocked | E5: Skipped | F5: Number of Test cases | J5: Untested
A6: =COUNTIF(F9:F996,"Passed") -> 9 | B6: =COUNTIF(F9:F996,"Failed") -> 0 | C6: =F6-E6-D6-B6-A6 -> 0 | D6: =COUNTIF(F$9:F$996,"Blocked") -> 0 | E6: =COUNTIF(F$9:F$996,"Skipped") -> 0 | F6: =COUNTA(A9:A996) -> 9 | J6: Skipped
A8: ID | B8: Test Case Description | C8: Test Case Procedure | D8: Expected Output | E8: Inter-test case Dependence | F8: Result | G8: Test date | H8: Note
B9: Đăng ký tài khoản
A10: =IF(OR(B10<>"",D10<>""),"[" &TEXT($B$2,"##")&"-"&TEXT(1,"00")&"]","") -> [Module2-01] | B10: Giao diện màn hình Đăng ký | C10: 1. Vào Đăng ký. 2. Kiểm tra các trường. | D10: Các trường bắt buộc có dấu *, bố cục đúngnhư mô tả. | F10: Passed | G10: 27/09/2026
A11: =IF(OR(B11<>"",D11<>""),"[" &TEXT($B$2,"##")&"-"&TEXT(2,"00")&"]","") -> [Module2-02] | B11: Đăng ký với dữ liệu hợp lệ | C11: 1. Vào Đăng ký. 2. Nhập Họ tên, Email, SĐT, Mật khẩu, Xác nhận mật khẩu hợp lệ và chưa tồn tại. 3. Bấm "Đăng ký". | D11: Đăng ký thành công, chuyển sang màn Đăng nhập với thông báo "Đăng ký thành công! Vui lòng đăng nhập." | F11: Passed | G11: 27/09/2026
A12: =IF(OR(B12<>"",D12<>""),"[" &TEXT($B$2,"##")&"-"&TEXT(3,"00")&"]","") -> [Module2-03] | B12: Họ tên sai định dạng | C12: 1. Nhập Họ tên chứa số/ký tự đặc biệt hoặc < 2 ký tự. 2. Điền các trường còn lại hợp lệ. 3. Bấm "Đăng ký". | D12: Hiển thị lỗi "Họ và tên không hợp lệ (2-150 ký tự, chỉ gồm chữ cái và khoảng trắng)." | F12: Passed | G12: 27/09/2026
A13: =IF(OR(B13<>"",D13<>""),"[" &TEXT($B$2,"##")&"-"&TEXT(4,"00")&"]","") -> [Module2-04] | B13: Email sai định dạng | C13: 1. Nhập Email không đúng định dạng (vd: abc@). 2. Điền các trường còn lại hợp lệ. 3. Bấm "Đăng ký". | D13: Hiển thị lỗi "Email không đúng định dạng." | F13: Passed | G13: 27/09/2026
A14: =IF(OR(B14<>"",D14<>""),"[" &TEXT($B$2,"##")&"-"&TEXT(5,"00")&"]","") -> [Module2-05] | B14: Email đã tồn tại | C14: 1. Nhập Email của 1 tài khoản đã đăng ký trước đó. 2. Điền các trường còn lại hợp lệ. 3. Bấm "Đăng ký". | D14: Hiển thị lỗi "Email đã được sử dụng." | E14: Cần có sẵn 1 tài khoản với email biết trước | F14: Passed | G14: 27/09/2026
A15: =IF(OR(B15<>"",D15<>""),"[" &TEXT($B$2,"##")&"-"&TEXT(6,"00")&"]","") -> [Module2-06] | B15: Số điện thoại sai định dạng | C15: 1. Nhập SĐT không bắt đầu bằng 0 hoặc không đủ 10 chữ số. 2. Điền các trường còn lại hợp lệ. 3. Bấm "Đăng ký". | D15: Hiển thị lỗi "Số điện thoại phải bắt đầu bằng số 0 và có đúng 10 chữ số." | F15: Passed | G15: 27/09/2026
A16: =IF(OR(B16<>"",D16<>""),"[" &TEXT($B$2,"##")&"-"&TEXT(7,"00")&"]","") -> [Module2-07] | B16: Số điện thoại đã tồn tại | C16: 1. Nhập SĐT của 1 tài khoản đã đăng ký trước đó. 2. Điền các trường còn lại hợp lệ. 3. Bấm "Đăng ký". | D16: Hiển thị lỗi "Số điện thoại đã được sử dụng." | E16: Cần có sẵn 1 tài khoản với SĐT biết trước | F16: Passed | G16: 27/09/2026
A17: =IF(OR(B17<>"",D17<>""),"[" &TEXT($B$2,"##")&"-"&TEXT(8,"00")&"]","") -> [Module2-08] | B17: Mật khẩu ít hơn 6 ký tự | C17: 1. Nhập Mật khẩu < 6 ký tự. 2. Điền các trường còn lại hợp lệ. 3. Bấm "Đăng ký". | D17: Hiển thị lỗi "Mật khẩu phải có ít nhất 6 ký tự." | F17: Passed | G17: 27/09/2026
A18: =IF(OR(B18<>"",D18<>""),"[" &TEXT($B$2,"##")&"-"&TEXT(9,"00")&"]","") -> [Module2-09] | B18: Xác nhận mật khẩu không khớp | C18: 1. Nhập Mật khẩu và Xác nhận mật khẩu khác nhau. 2. Điền các trường còn lại hợp lệ. 3. Bấm "Đăng ký". | D18: Hiển thị lỗi "Mật khẩu xác nhận không khớp." | F18: Passed | G18: 27/09/2026

Sheet Module3
A2: Module Code | B2: Module3 | J2: Passed
A3: Test requirement | B3: Yêu cầu 3 (USER): Đăng nhập, Quên/Đặt lại mật khẩu, Đổi mật khẩu. | J3: Failed
A4: Tester | J4: Blocked
A5: Passed | B5: Failed | C5: Untested | D5: Blocked | E5: Skipped | F5: Number of Test cases | J5: Untested
A6: =COUNTIF(F9:F996,"Passed") -> 18 | B6: =COUNTIF(F9:F996,"Failed") -> 0 | C6: =F6-E6-D6-B6-A6 -> 0 | D6: =COUNTIF(F$9:F$996,"Blocked") -> 0 | E6: =COUNTIF(F$9:F$996,"Skipped") -> 0 | F6: =COUNTA(A9:A996) -> 18 | J6: Skipped
A8: ID | B8: Test Case Description | C8: Test Case Procedure | D8: Expected Output | E8: Inter-test case Dependence | F8: Result | G8: Test date | H8: Note
B9: Đăng nhập
A10: =IF(OR(B10<>"",D10<>""),"[" &TEXT($B$2,"##")&"-"&TEXT(1,"00")&"]","") -> [Module3-01] | B10: Đăng nhập đúng Email/Mật khẩu, ROLE USER | C10: 1. Vào trang Đăng Nhập 2. Nhập đúng Email/Mật khẩu của 1 tài khoản ROLE=USER. 3. Bấm "Đăng nhập". | D10: Đăng nhập thành công, tạo session, chuyển hướng về trang chủ. | E10: Cần có sẵn 1 tài khoản ROLE=USER | F10: Passed | G10: 27/09/2026
A11: =IF(OR(B11<>"",D11<>""),"[" &TEXT($B$2,"##")&"-"&TEXT(2,"00")&"]","") -> [Module3-02] | B11: Đăng nhập đúng Email/Mật khẩu, ROLE ADMIN | C11: 1. Vào trang Đăng Nhập 2. Nhập đúng Email/Mật khẩu của 1 tài khoản ROLE=ADMIN. 3. Bấm "Đăng nhập". | D11: Đăng nhập thành công, chuyển hướng tới màn hình Admin (khác với luồng USER). | E11: Cần có sẵn 1 tài khoản ROLE=ADMIN | F11: Passed | G11: 27/09/2026
A12: =IF(OR(B12<>"",D12<>""),"[" &TEXT($B$2,"##")&"-"&TEXT(3,"00")&"]","") -> [Module3-03] | B12: Sai mật khẩu | C12: 1. Nhập đúng Email, sai Mật khẩu. 2. Bấm "Đăng nhập". | D12: Hiển thị lỗi "Sai tên đăng nhập hoặc mật khẩu." | F12: Passed | G12: 27/09/2026
A13: =IF(OR(B13<>"",D13<>""),"[" &TEXT($B$2,"##")&"-"&TEXT(4,"00")&"]","") -> [Module3-04] | B13: Email không tồn tại | C13: 1. Nhập Email chưa từng đăng ký. 2. Bấm "Đăng nhập". | D13: Hiển thị lỗi "Sai tên đăng nhập hoặc mật khẩu." | F13: Passed | G13: 27/09/2026
A14: =IF(OR(B14<>"",D14<>""),"[" &TEXT($B$2,"##")&"-"&TEXT(5,"00")&"]","") -> [Module3-05] | B14: Tài khoản đang bị khóa | C14: 1. Nhập đúng Email/Mật khẩu của 1 tài khoản đang ở trạng thái "Đã khóa". 2. Bấm "Đăng nhập". | D14: Hiển thị lỗi "Tài khoản của bạn đã bị khóa, vui lòng liên hệ quản trị viên." | E14: Cần có sẵn 1 tài khoản đang bị khóa | F14: Passed | G14: 27/09/2026
B15: Quên mật khẩu
A16: =IF(OR(B16<>"",D16<>""),"[" &TEXT($B$2,"##")&"-"&TEXT(6,"00")&"]","") -> [Module3-06] | B16: Email tồn tại và đang hoạt động | C16: 1. Vào trang Đăng Nhập -> Quên mật khẩu 2. Nhập email của 1 tài khoản đang active. 3. Bấm "Gửi yêu cầu". | D16: Hiển thị thông báo chung "Nếu email tồn tại trong hệ thống, chúng tôi đã gửi hướng dẫn đặt lại mật khẩu..."; hộp thư nhận được email chứa liên kết đặt lại mật khẩu (hiệu lực 30 phút). | E16: Cần cấu hình đúng Gmail SMTP trong mail.properties | F16: Passed | G16: 27/09/2026
A17: =IF(OR(B17<>"",D17<>""),"[" &TEXT($B$2,"##")&"-"&TEXT(7,"00")&"]","") -> [Module3-07] | B17: Email không tồn tại trong hệ thống | C17: 1. Nhập email chưa từng đăng ký. 2. Bấm "Gửi yêu cầu". | D17: Vẫn hiển thị cùng thông báo chung như trường hợp email tồn tại (không tiết lộ email có tồn tại hay không); không có email nào được gửi. | F17: Passed | G17: 27/09/2026
A18: =IF(OR(B18<>"",D18<>""),"[" &TEXT($B$2,"##")&"-"&TEXT(8,"00")&"]","") -> [Module3-08] | B18: Email sai định dạng | C18: 1. Nhập chuỗi không đúng định dạng email. 2. Bấm "Gửi yêu cầu". | D18: Hiển thị lỗi "Email không hợp lệ." | F18: Passed | G18: 27/09/2026
B19: Đặt lại mật khẩu
A20: =IF(OR(B20<>"",D20<>""),"[" &TEXT($B$2,"##")&"-"&TEXT(9,"00")&"]","") -> [Module3-09] | B20: Token hợp lệ, mật khẩu mới hợp lệ | C20: 1. Mở liên kết đặt lại mật khẩu nhận được qua email (còn hiệu lực). 2. Nhập Mật khẩu mới và Xác nhận mật khẩu hợp lệ, giống nhau. 3. Bấm "Đặt lại mật khẩu". | D20: Đặt lại mật khẩu thành công, chuyển sang màn Đăng nhập với thông báo "Đặt lại mật khẩu thành công! Vui lòng đăng nhập."; đăng nhập được bằng mật khẩu mới. | E20: Cần có token hợp lệ từ bước Quên mật khẩu | F20: Passed | G20: 27/09/2026
A21: =IF(OR(B21<>"",D21<>""),"[" &TEXT($B$2,"##")&"-"&TEXT(10,"00")&"]","") -> [Module3-10] | B21: Token hết hạn hoặc không hợp lệ | C21: 1. Mở liên kết đặt lại mật khẩu nhận được qua email với token đã hết hạn (quá 30 phút). | D21: Hiển thị "Liên kết đặt lại mật khẩu không hợp lệ hoặc đã hết hạn." và nút "Yêu cầu liên kết mới". | E21: Cần có token hợp lệ từ bước Quên mật khẩu, đã quá 30 phút | F21: Passed | G21: 27/09/2026
A22: =IF(OR(B22<>"",D22<>""),"[" &TEXT($B$2,"##")&"-"&TEXT(11,"00")&"]","") -> [Module3-11] | B22: Mật khẩu mới ít hơn 6 ký tự | C22: 1. Mở liên kết hợp lệ. 2. Nhập Mật khẩu mới < 6 ký tự. 3. Bấm "Đặt lại mật khẩu". | D22: Hiển thị lỗi "Mật khẩu phải có ít nhất 6 ký tự." | F22: Passed | G22: 27/09/2026
A23: =IF(OR(B23<>"",D23<>""),"[" &TEXT($B$2,"##")&"-"&TEXT(12,"00")&"]","") -> [Module3-12] | B23: Xác nhận mật khẩu không khớp | C23: 1. Mở liên kết hợp lệ. 2. Nhập Mật khẩu mới và Xác nhận mật khẩu khác nhau. 3. Bấm "Đặt lại mật khẩu". | D23: Hiển thị lỗi "Mật khẩu xác nhận không khớp." | F23: Passed | G23: 27/09/2026
A24: =IF(OR(B24<>"",D24<>""),"[" &TEXT($B$2,"##")&"-"&TEXT(13,"00")&"]","") -> [Module3-13] | B24: Dùng lại token đã sử dụng | C24: 1. Dùng 1 liên kết đặt lại mật khẩu đã đặt lại thành công trước đó. 2. Mở lại liên kết và thử đặt mật khẩu lần nữa. | D24: Hiển thị "Liên kết đặt lại mật khẩu không hợp lệ hoặc đã hết hạn." (token chỉ dùng được 1 lần). | E24: Cần 1 token đã được sử dụng thành công trước đó | F24: Passed | G24: 27/09/2026
B25: Đổi mật khẩu
A26: =IF(OR(B26<>"",D26<>""),"[" &TEXT($B$2,"##")&"-"&TEXT(14,"00")&"]","") -> [Module3-14] | B26: Đổi mật khẩu với dữ liệu hợp lệ | C26: 1. Đăng nhập (USER hoặc ADMIN). 2. Vào Đổi mật khẩu. 3. Nhập đúng Mật khẩu hiện tại; Mật khẩu mới/Xác nhận hợp lệ, khác mật khẩu hiện tại. 4. Bấm "Lưu". | D26: Hiển thị "Đổi mật khẩu thành công" | F26: Passed | G26: 27/09/2026
A27: =IF(OR(B27<>"",D27<>""),"[" &TEXT($B$2,"##")&"-"&TEXT(15,"00")&"]","") -> [Module3-15] | B27: Sai mật khẩu hiện tại | C27: 1. Đăng nhập, vào Đổi mật khẩu. 2. Nhập sai Mật khẩu hiện tại. 3. Bấm "Lưu". | D27: Hiển thị lỗi "Mật khẩu hiện tại không đúng" | F27: Passed | G27: 27/09/2026
A28: =IF(OR(B28<>"",D28<>""),"[" &TEXT($B$2,"##")&"-"&TEXT(16,"00")&"]","") -> [Module3-16] | B28: Mật khẩu mới ít hơn 6 ký tự | C28: 1. Nhập đúng Mật khẩu hiện tại. 2. Nhập Mật khẩu mới < 6 ký tự. 3. Bấm "Lưu". | D28: Hiển thị lỗi "Mật khẩu mới phải có ít nhất 6 ký tự." | F28: Passed | G28: 27/09/2026
A29: =IF(OR(B29<>"",D29<>""),"[" &TEXT($B$2,"##")&"-"&TEXT(17,"00")&"]","") -> [Module3-17] | B29: Xác nhận mật khẩu mới không khớp | C29: 1. Nhập đúng Mật khẩu hiện tại, Mật khẩu mới hợp lệ. 2. Xác nhận mật khẩu khác Mật khẩu mới. 3. Bấm "Lưu". | D29: Hiển thị lỗi "Mật khẩu xác nhận không khớp." | F29: Passed | G29: 27/09/2026
A30: =IF(OR(B30<>"",D30<>""),"[" &TEXT($B$2,"##")&"-"&TEXT(18,"00")&"]","") -> [Module3-18] | B30: Mật khẩu mới trùng mật khẩu hiện tại | C30: 1. Nhập đúng Mật khẩu hiện tại. 2. Nhập Mật khẩu mới giống hệt Mật khẩu hiện tại. 3. Bấm "Lưu". | D30: Hiển thị lỗi "Mật khẩu mới phải khác mật khẩu hiện tại." | F30: Passed | G30: 27/09/2026

Sheet Test Report
B1: TEST REPORT
B3: Project Name | C3: Dò vé số | E3: Creator | G3: DucNVFX14814
B4: Project Code | C4: Lab301x | E4: Reviewer/Approver | G4: ToanHK(Mentor)
B5: Document Code | C5: =C4&"_"&"CN1_TestCase"&"_"&"v1.0" -> Lab301x_CN1_TestCase_v1.0 | E5: Issue Date | G5: 27/09/2026
B6: Notes | C6: Release 1 gồm 3 module: Module1 (ADMIN - Quản lý người dùng), Module2 (NO_USER - Đăng ký), Module3 (USER - Đăng nhập, mật khẩu)
B9: No | C9: Module code | D9: Pass | E9: Fail | F9: Untested | G9: Blocked | H9: Skipped | I9: Number of test cases
B10: 1 | C10: =Module1!B2 -> Module1 | D10: =Module1!A6 -> 11 | E10: =Module1!B6 -> 0 | F10: =Module1!C6 -> 0 | G10: =Module1!D6 -> 0 | H10: =Module1!E6 -> 0 | I10: =Module1!F6 -> 11
B11: 2 | C11: =Module2!B2 -> Module2 | D11: =Module2!A6 -> 9 | E11: =Module2!B6 -> 0 | F11: =Module2!C6 -> 0 | G11: =Module2!D6 -> 0 | H11: =Module2!E6 -> 0 | I11: =Module2!F6 -> 9
B12: 3 | C12: =Module3!B2 -> Module3 | D12: =Module3!A6 -> 18 | E12: =Module3!B6 -> 0 | F12: =Module3!C6 -> 0 | G12: =Module3!D6 -> 0 | H12: =Module3!E6 -> 0 | I12: =Module3!F6 -> 18
C13: Sub total | D13: =SUM(D8:D12) -> 38 | E13: =SUM(E8:E12) -> 0 | F13: =SUM(F8:F12) -> 0 | G13: =SUM(G8:G12) -> 0 | H13: =SUM(H8:H12) -> 0 | I13: =SUM(I8:I12) -> 38
C15: Test coverage | E15: =IFERROR((D13+E13)*100/(I13-H13-G13),0) -> 100 | F15: %
C16: Test successful coverage | E16: =IFERROR(D13*100/(D13+E13),0) -> 100 | F16: %
